{
  "alpha": 0.1,
  "coverage": 0.9,
  "quantiles": {
    "algorithm_name": 1.0,
    "datasets": 1.0
  },
  "calibration_scores": {
    "algorithm_name": [
      1.0,
      1.0,
      0.2142857142857143,
      1.0,
      1.0,
      0.2142857142857143,
      1.0,
      1.0,
      0.2142857142857143,
      1.0
    ],
    "datasets": [
      0.0,
      1.0,
      0.5,
      0.0,
      1.0,
      0.5,
      0.0,
      1.0,
      0.5,
      0.0
    ]
  },
  "is_calibrated": true
}